<?xml version="1.0" encoding="UTF-8"?>
<mxfile modified="2019-08-01T23:03:00.764Z" host="confluence.draw.io" agent="Mozilla/5.0 (X11; Ubuntu; Linux x86_64; rv:68.0) Gecko/20100101 Firefox/68.0" etag="HWkgSgDh6Kbejx2BniIQ" version="11.0.9" compressed="false">
  <diagram id="yG9q64tkDV8frU1kLMAZ" name="Page-1">
    <mxGraphModel dx="782" dy="721" grid="1" gridSize="10" guides="1" tooltips="1" connect="1" arrows="1" fold="1" page="1" pageScale="1" pageWidth="850" pageHeight="1100" math="0" shadow="0">
      <root>
        <mxCell id="0"/>
        <mxCell id="1" parent="0"/>
        <mxCell id="2" value="" style="rounded=1;whiteSpace=wrap;html=1;fillColor=#fff2cc;strokeColor=#d6b656;" parent="1" vertex="1">
          <mxGeometry x="4" width="728" height="180" as="geometry"/>
        </mxCell>
        <mxCell id="3" value="" style="rounded=1;whiteSpace=wrap;html=1;fillColor=#fff2cc;strokeColor=#d6b656;" parent="1" vertex="1">
          <mxGeometry y="190" width="808" height="600" as="geometry"/>
        </mxCell>
        <mxCell id="4" value="" style="rounded=1;whiteSpace=wrap;html=1;fillColor=#ffe6cc;strokeColor=#d79b00;" parent="1" vertex="1">
          <mxGeometry x="73" y="195" width="610" height="395" as="geometry"/>
        </mxCell>
        <mxCell id="5" value="" style="rounded=1;whiteSpace=wrap;html=1;fillColor=#fff2cc;strokeColor=#d6b656;" parent="1" vertex="1">
          <mxGeometry x="4" y="802.5" width="801" height="375" as="geometry"/>
        </mxCell>
        <mxCell id="6" value="Cloud" style="rounded=1;whiteSpace=wrap;html=1;fillColor=#ffe6cc;strokeColor=#d79b00;" parent="1" vertex="1">
          <mxGeometry x="79" y="1087.5" width="590" height="60" as="geometry"/>
        </mxCell>
        <mxCell id="7" value="Availability Zone 1" style="rounded=1;whiteSpace=wrap;html=1;fillColor=#ffe6cc;strokeColor=#d79b00;" parent="1" vertex="1">
          <mxGeometry x="79" y="947.5" width="190" height="60" as="geometry"/>
        </mxCell>
        <mxCell id="8" value="Availability Zone 2" style="rounded=1;whiteSpace=wrap;html=1;fillColor=#ffe6cc;strokeColor=#d79b00;" parent="1" vertex="1">
          <mxGeometry x="279" y="947.5" width="190" height="60" as="geometry"/>
        </mxCell>
        <mxCell id="9" value="Availability Zone 3" style="rounded=1;whiteSpace=wrap;html=1;fillColor=#ffe6cc;strokeColor=#d79b00;" parent="1" vertex="1">
          <mxGeometry x="479" y="947.5" width="190" height="60" as="geometry"/>
        </mxCell>
        <mxCell id="10" value="Instances" style="rounded=1;whiteSpace=wrap;html=1;fillColor=#ffe6cc;strokeColor=#d79b00;" parent="1" vertex="1">
          <mxGeometry x="79" y="877.5" width="90" height="60" as="geometry"/>
        </mxCell>
        <mxCell id="11" value="Instances" style="rounded=1;whiteSpace=wrap;html=1;fillColor=#ffe6cc;strokeColor=#d79b00;" parent="1" vertex="1">
          <mxGeometry x="179" y="877.5" width="90" height="60" as="geometry"/>
        </mxCell>
        <mxCell id="12" value="Instances" style="rounded=1;whiteSpace=wrap;html=1;fillColor=#ffe6cc;strokeColor=#d79b00;" parent="1" vertex="1">
          <mxGeometry x="279" y="877.5" width="90" height="60" as="geometry"/>
        </mxCell>
        <mxCell id="13" value="Instances" style="rounded=1;whiteSpace=wrap;html=1;fillColor=#ffe6cc;strokeColor=#d79b00;" parent="1" vertex="1">
          <mxGeometry x="374" y="877.5" width="90" height="60" as="geometry"/>
        </mxCell>
        <mxCell id="14" value="Instances" style="rounded=1;whiteSpace=wrap;html=1;fillColor=#ffe6cc;strokeColor=#d79b00;" parent="1" vertex="1">
          <mxGeometry x="479" y="877.5" width="90" height="60" as="geometry"/>
        </mxCell>
        <mxCell id="15" value="Instances" style="rounded=1;whiteSpace=wrap;html=1;fillColor=#ffe6cc;strokeColor=#d79b00;" parent="1" vertex="1">
          <mxGeometry x="574" y="877.5" width="90" height="60" as="geometry"/>
        </mxCell>
        <mxCell id="16" value="On Demand / Reserved / Spot Instances / Preemptibles" style="rounded=1;whiteSpace=wrap;html=1;fillColor=#ffe6cc;strokeColor=#d79b00;" parent="1" vertex="1">
          <mxGeometry x="82" y="917.5" width="587" height="20" as="geometry"/>
        </mxCell>
        <mxCell id="17" value="OS: Ubuntu / CoreOS/ CentOS / COS" style="rounded=1;whiteSpace=wrap;html=1;fillColor=#ffe6cc;strokeColor=#d79b00;" parent="1" vertex="1">
          <mxGeometry x="79" y="807.5" width="590" height="60" as="geometry"/>
        </mxCell>
        <mxCell id="18" value="Docker" style="rounded=1;whiteSpace=wrap;html=1;fillColor=#ffe6cc;strokeColor=#d79b00;" parent="1" vertex="1">
          <mxGeometry x="75" y="680" width="590" height="30" as="geometry"/>
        </mxCell>
        <mxCell id="19" value="Kubernetes" style="rounded=1;whiteSpace=wrap;html=1;fillColor=#ffe6cc;strokeColor=#d79b00;" parent="1" vertex="1">
          <mxGeometry x="77" y="640" width="590" height="30" as="geometry"/>
        </mxCell>
        <mxCell id="20" value="Kubernetes Namespaces" style="rounded=1;whiteSpace=wrap;html=1;fillColor=#ffe6cc;strokeColor=#d79b00;" parent="1" vertex="1">
          <mxGeometry x="77" y="600" width="590" height="30" as="geometry"/>
        </mxCell>
        <mxCell id="21" value="etcd" style="rounded=1;whiteSpace=wrap;html=1;fillColor=#ffe6cc;strokeColor=#d79b00;" parent="1" vertex="1">
          <mxGeometry x="125" y="500" width="70" height="60" as="geometry"/>
        </mxCell>
        <mxCell id="22" value="etcd" style="rounded=1;whiteSpace=wrap;html=1;fillColor=#ffe6cc;strokeColor=#d79b00;" parent="1" vertex="1">
          <mxGeometry x="141" y="510" width="70" height="60" as="geometry"/>
        </mxCell>
        <mxCell id="23" value="etcd" style="rounded=1;whiteSpace=wrap;html=1;fillColor=#ffe6cc;strokeColor=#d79b00;" parent="1" vertex="1">
          <mxGeometry x="261" y="500" width="70" height="60" as="geometry"/>
        </mxCell>
        <mxCell id="24" value="etcd" style="rounded=1;whiteSpace=wrap;html=1;fillColor=#ffe6cc;strokeColor=#d79b00;" parent="1" vertex="1">
          <mxGeometry x="271" y="510" width="70" height="60" as="geometry"/>
        </mxCell>
        <mxCell id="25" value="Kubernetes&lt;div&gt;Masters&lt;/div&gt;" style="rounded=1;whiteSpace=wrap;html=1;fillColor=#ffe6cc;strokeColor=#d79b00;" parent="1" vertex="1">
          <mxGeometry x="281" y="520" width="70" height="60" as="geometry"/>
        </mxCell>
        <mxCell id="26" value="Logging" style="rounded=1;whiteSpace=wrap;html=1;fillColor=#FFFF99;strokeColor=#d79b00;" parent="1" vertex="1">
          <mxGeometry x="298" y="405" width="70" height="60" as="geometry"/>
        </mxCell>
        <mxCell id="27" value="Monitoring:&lt;div&gt;Prometheus&lt;/div&gt;" style="rounded=1;whiteSpace=wrap;html=1;fillColor=#FFFF99;strokeColor=#d79b00;" parent="1" vertex="1">
          <mxGeometry x="298" y="335" width="70" height="60" as="geometry"/>
        </mxCell>
        <mxCell id="28" value="Alerting" style="rounded=1;whiteSpace=wrap;html=1;fillColor=#FFFF99;strokeColor=#d79b00;" parent="1" vertex="1">
          <mxGeometry x="298" y="260" width="70" height="60" as="geometry"/>
        </mxCell>
        <mxCell id="29" value="Your Application(s)" style="rounded=1;whiteSpace=wrap;html=1;fillColor=#dae8fc;strokeColor=#6c8ebf;" parent="1" vertex="1">
          <mxGeometry x="396" y="255" width="270" height="200" as="geometry"/>
        </mxCell>
        <mxCell id="30" value="External LoadBalancer" style="rounded=1;whiteSpace=wrap;html=1;fillColor=#ffe6cc;strokeColor=#d79b00;" parent="1" vertex="1">
          <mxGeometry x="198" y="115" width="280" height="60" as="geometry"/>
        </mxCell>
        <mxCell id="31" value="Automatic Let&#39;s Encrypt Certificates" style="rounded=1;whiteSpace=wrap;html=1;fillColor=#FFFF99;strokeColor=#d79b00;" parent="1" vertex="1">
          <mxGeometry x="201" y="260" width="70" height="60" as="geometry"/>
        </mxCell>
        <mxCell id="32" value="Ingress" style="rounded=1;whiteSpace=wrap;html=1;fillColor=#ffe6cc;strokeColor=#d79b00;" parent="1" vertex="1">
          <mxGeometry x="191" y="210" width="465" height="30" as="geometry"/>
        </mxCell>
        <mxCell id="33" value="Ingress" style="rounded=1;whiteSpace=wrap;html=1;fillColor=#ffe6cc;strokeColor=#d79b00;" parent="1" vertex="1">
          <mxGeometry x="201" y="220" width="465" height="30" as="geometry"/>
        </mxCell>
        <mxCell id="34" value="Cloud Specific" style="text;html=1;strokeColor=none;fillColor=none;align=center;verticalAlign=middle;whiteSpace=wrap;rounded=0;" parent="1" vertex="1">
          <mxGeometry x="24" y="917.5" width="40" height="20" as="geometry"/>
        </mxCell>
        <mxCell id="35" value="Kubernetes&lt;div&gt;Stack&lt;/div&gt;" style="text;html=1;strokeColor=none;fillColor=none;align=center;verticalAlign=middle;whiteSpace=wrap;rounded=0;" parent="1" vertex="1">
          <mxGeometry x="23" y="425" width="40" height="20" as="geometry"/>
        </mxCell>
        <mxCell id="36" value="&lt;font style=&quot;font-size: 16px&quot;&gt;Pods&lt;/font&gt;" style="text;html=1;strokeColor=none;fillColor=none;align=center;verticalAlign=middle;whiteSpace=wrap;rounded=0;perimeterSpacing=1;" parent="1" vertex="1">
          <mxGeometry x="96" y="380" width="57" height="30" as="geometry"/>
        </mxCell>
        <mxCell id="37" value="" style="rounded=1;whiteSpace=wrap;html=1;dashed=1;fillColor=none;" parent="1" vertex="1">
          <mxGeometry x="183" y="90" width="500" height="400" as="geometry"/>
        </mxCell>
        <mxCell id="38" value="etcd" style="rounded=1;whiteSpace=wrap;html=1;fillColor=#ffe6cc;strokeColor=#d79b00;" parent="1" vertex="1">
          <mxGeometry x="155" y="520" width="70" height="60" as="geometry"/>
        </mxCell>
        <mxCell id="39" value="" style="rounded=1;whiteSpace=wrap;html=1;fillColor=#ffe6cc;strokeColor=#d79b00;" parent="1" vertex="1">
          <mxGeometry x="398" y="500" width="70" height="60" as="geometry"/>
        </mxCell>
        <mxCell id="40" value="Kube Networking" style="rounded=1;whiteSpace=wrap;html=1;fillColor=#ffe6cc;strokeColor=#d79b00;" parent="1" vertex="1">
          <mxGeometry x="552" y="510" width="70" height="60" as="geometry"/>
        </mxCell>
        <mxCell id="41" value="&amp;nbsp;WAF (web application firewall)&lt;div&gt;DDoS Protection&lt;/div&gt;" style="rounded=1;whiteSpace=wrap;html=1;fillColor=#ffe6cc;strokeColor=#d79b00;" parent="1" vertex="1">
          <mxGeometry x="188" y="10" width="480" height="60" as="geometry"/>
        </mxCell>
        <mxCell id="42" value="Load Balancers&lt;div&gt;and&lt;/div&gt;&lt;div&gt;Security&lt;/div&gt;" style="text;html=1;strokeColor=none;fillColor=none;align=center;verticalAlign=middle;whiteSpace=wrap;rounded=0;" parent="1" vertex="1">
          <mxGeometry x="33" y="70" width="40" height="20" as="geometry"/>
        </mxCell>
        <mxCell id="43" value="Kubernetes&amp;nbsp; options&lt;div&gt;&lt;br&gt;&lt;/div&gt;&lt;div&gt;&lt;br&gt;&lt;/div&gt;&lt;div&gt;AWS EKS&lt;/div&gt;&lt;div&gt;GCE GKS&lt;/div&gt;&lt;div&gt;Azure AKS&lt;/div&gt;&lt;div&gt;Kops&lt;/div&gt;&lt;div&gt;&lt;br&gt;&lt;/div&gt;&lt;div&gt;&lt;br&gt;&lt;/div&gt;&lt;div&gt;&lt;br&gt;&lt;/div&gt;&lt;div&gt;&lt;br&gt;&lt;/div&gt;&lt;div&gt;Created via:&lt;br&gt;Terraform or CLI tools all GitOps Driven&lt;/div&gt;" style="rounded=1;whiteSpace=wrap;html=1;fillColor=#ffe6cc;strokeColor=#d79b00;" parent="1" vertex="1">
          <mxGeometry x="688" y="490" width="90" height="650" as="geometry"/>
        </mxCell>
        <mxCell id="44" value="Internal Load Balancer" style="rounded=1;whiteSpace=wrap;html=1;fillColor=#ffe6cc;strokeColor=#d79b00;" parent="1" vertex="1">
          <mxGeometry x="488" y="115" width="184" height="60" as="geometry"/>
        </mxCell>
        <mxCell id="45" value="VPC / Routing / Subnets / ACL / NAT Gateways" style="rounded=1;whiteSpace=wrap;html=1;fillColor=#ffe6cc;strokeColor=#d79b00;" parent="1" vertex="1">
          <mxGeometry x="79" y="1017.5" width="590" height="60" as="geometry"/>
        </mxCell>
        <mxCell id="46" value="Helm or templated configuration driven in a GitOps workflow" style="rounded=1;whiteSpace=wrap;html=1;fillColor=#ffe6cc;strokeColor=#d79b00;" parent="1" vertex="1">
          <mxGeometry x="688" y="210" width="90" height="275" as="geometry"/>
        </mxCell>
        <mxCell id="48" value="Kubernetes Node Groups" style="rounded=1;whiteSpace=wrap;html=1;fillColor=#ffe6cc;strokeColor=#d79b00;" parent="1" vertex="1">
          <mxGeometry x="76" y="720" width="554" height="30" as="geometry"/>
        </mxCell>
        <mxCell id="49" value="Kubernetes Node Groups" style="rounded=1;whiteSpace=wrap;html=1;fillColor=#ffe6cc;strokeColor=#d79b00;" parent="1" vertex="1">
          <mxGeometry x="97" y="730" width="543" height="30" as="geometry"/>
        </mxCell>
        <mxCell id="51" value="Kubernetes Node Groups" style="rounded=1;whiteSpace=wrap;html=1;fillColor=#ffe6cc;strokeColor=#d79b00;" parent="1" vertex="1">
          <mxGeometry x="113" y="741.5" width="543" height="30" as="geometry"/>
        </mxCell>
        <mxCell id="52" value="Kube DNS" style="rounded=1;whiteSpace=wrap;html=1;fillColor=#ffe6cc;strokeColor=#d79b00;" parent="1" vertex="1">
          <mxGeometry x="416.5" y="520" width="70" height="60" as="geometry"/>
        </mxCell>
      </root>
    </mxGraphModel>
  </diagram>
</mxfile>
