{
    "Version": "2012-10-17",
    "Statement": [
        {
            "Effect": "Allow",
            "Action": "airflow:PublishMetrics",
            "Resource": "arn:aws:airflow:${aws_region}:${aws_account_id}:environment/${airflow_name}"
        },
        { 
            "Effect": "Deny",
            "Action": "s3:ListAllMyBuckets",
            "Resource": [
                "arn:aws:s3:::${s3_bucket_name}",
                "arn:aws:s3:::${s3_bucket_name}/*"
            ]
        }, 
        { 
            "Effect": "Allow",
            "Action": [ 
                "s3:GetObject*",
                "s3:GetBucket*",
                "s3:List*"
            ],
            "Resource": [
                "arn:aws:s3:::${s3_bucket_name}",
                "arn:aws:s3:::${s3_bucket_name}/*"
            ]
        },
        {
            "Effect": "Allow",
            "Action": [
                "logs:CreateLogStream",
                "logs:CreateLogGroup",
                "logs:PutLogEvents",
                "logs:GetLogEvents",
                "logs:GetLogRecord",
                "logs:GetLogGroupFields",
                "logs:GetQueryResults"
            ],
            "Resource": [
                "arn:aws:logs:${aws_region}:${aws_account_id}:log-group:airflow-${airflow_name}-*:*"
            ]
        },
        {
            "Effect": "Allow",
            "Action": [
                "logs:DescribeLogGroups",
                "logs:DescribeLogStreams"
            ],
            "Resource": [
                "*"
            ]
        },
        {
            "Effect": "Allow",
            "Action": [
                "s3:GetAccountPublicAccessBlock"
            ],
            "Resource": [
                "*"
            ]
        },
        {
            "Effect": "Allow",
            "Action": "cloudwatch:PutMetricData",
            "Resource": "*"
        },
        {
            "Effect": "Allow",
            "Action": [
                "sqs:ChangeMessageVisibility",
                "sqs:DeleteMessage",
                "sqs:GetQueueAttributes",
                "sqs:GetQueueUrl",
                "sqs:ReceiveMessage",
                "sqs:SendMessage"
            ],
            "Resource": "arn:aws:sqs:${aws_region}:*:airflow-celery-*"
        },
        {
            "Effect": "Allow",
            "Action": [
                "kms:Decrypt",
                "kms:DescribeKey",
                "kms:GenerateDataKey*",
                "kms:Encrypt"
            ],
            "Resource": "*",
            "Condition": {
                "StringLike": {
                    "kms:ViaService": [
                        "sqs.${aws_region}.amazonaws.com",
                        "s3.${aws_region}.amazonaws.com"
                    ]
                }
            }
        }
    ]
}
