{
    "family": "pipeline", 
    "networkMode": "awsvpc", 
    "containerDefinitions": [
        {
            "name": "worker", 
            "image": "managedkube/kops:dev", 
            "essential": true, 
            "entryPoint": [
                "sh",
		        "-c"
            ], 
            "command": [
                "./containers/kubernetes/clusters/kops/ci-pipeline.sh -i master -u master"
            ],
            "environment" : [
                { "name" : "ENVIRONMENT_NAME", "value" : "dev-test" },
                { "name" : "E2E_TESTS_QUICK_MODE", "value": "true"}
            ],
            "logConfiguration": {
                "logDriver": "awslogs",
                "options": {
                    "awslogs-group": "ci-pipeline",
                    "awslogs-region": "us-east-1",
                    "awslogs-stream-prefix": "worker"
                }
            }
        }
    ],
    "requiresCompatibilities": [
        "FARGATE"
    ], 
    "cpu": "256", 
    "memory": "512",
    "executionRoleArn": "arn:aws:iam:::role/ecsTaskExecutionRole",
    "taskRoleArn": "arn:aws:iam:::role/kubernetesOpsKopsFargateTask"
}
